text,image_path
a woman with a plaid shirt and denim overalls,Fashion_images/image_0.jpg
a man wearing a blue shirt and jeans,Fashion_images/image_1.jpg
a man in a black t - shirt and ripped jeans,Fashion_images/image_2.jpg
a young man wearing a blue and red t - shirt,Fashion_images/image_3.jpg
a man in a black hoodie and white ripped jeans,Fashion_images/image_4.jpg
a man with a tattoo on his arm wearing a tank top,Fashion_images/image_5.jpg
a young man in a striped hoodie poses for a picture,Fashion_images/image_6.jpg
a man in a red and blue checkered shirt and khaki pants,Fashion_images/image_7.jpg
a woman wearing a pink blouse and jeans,Fashion_images/image_8.jpg
a woman in a black and white striped top,Fashion_images/image_9.jpg
a woman wearing a hat and a cardigan sweater,Fashion_images/image_10.jpg
a woman in a black shirt and plaid shirt,Fashion_images/image_11.jpg
a woman in white pants and a black top,Fashion_images/image_12.jpg
a man in a black sweater and black pants,Fashion_images/image_13.jpg
a woman wearing a purple coat and white dress,Fashion_images/image_14.jpg
a woman in a blue top and black shorts,Fashion_images/image_15.jpg
a man in a white t - shirt and ripped jeans,Fashion_images/image_16.jpg
a man wearing a black sweatshirt with a bandana print on it,Fashion_images/image_17.jpg
a man wearing a white shirt and a black tie,Fashion_images/image_18.jpg
a man in a black v - neck shirt and jeans,Fashion_images/image_19.jpg
a man wearing a blue and white tank top,Fashion_images/image_20.jpg
a young man standing with his arms crossed,Fashion_images/image_21.jpg
a man in a white tank top and black pants,Fashion_images/image_22.jpg
a woman in a striped shirt and denim shorts,Fashion_images/image_23.jpg
a man in a white shirt and red shorts,Fashion_images/image_24.jpg
a woman in a black and white shirt and black pants,Fashion_images/image_25.jpg
a woman in a floral romper and sandals poses for a picture,Fashion_images/image_26.jpg
a man in a tank top and pants posing for a picture,Fashion_images/image_27.jpg
a woman wearing a cropped top and jeans,Fashion_images/image_28.jpg
a man in a red shirt and blue shorts,Fashion_images/image_29.jpg
a woman in a white shirt and black leather shorts,Fashion_images/image_30.jpg
a woman in a green dress poses for a picture,Fashion_images/image_31.jpg
a man in a white shirt and khaki pants,Fashion_images/image_32.jpg
a man in a los lakers sweatshirt posing for a picture,Fashion_images/image_33.jpg
a woman in a white coat and black boots,Fashion_images/image_34.jpg
a woman wearing a tan sweater and jeans,Fashion_images/image_35.jpg
a man sitting on top of a metal stool,Fashion_images/image_36.jpg
a man wearing a black tank top and khaki pants,Fashion_images/image_37.jpg
a man in a rolling stones t - shirt poses for a picture,Fashion_images/image_38.jpg
a beautiful young woman posing for a picture,Fashion_images/image_39.jpg
a woman in a short dress posing for a picture,Fashion_images/image_40.jpg
a man wearing a baseball cap and a t - shirt,Fashion_images/image_41.jpg
a woman wearing a blue top and tan shorts,Fashion_images/image_42.jpg
a man in a light blue shirt and black pants,Fashion_images/image_43.jpg
a woman in a white tank top and denim shorts,Fashion_images/image_44.jpg
a man in a grey sweatshirt and pants,Fashion_images/image_45.jpg
a woman in a dress and boots posing for a picture,Fashion_images/image_46.jpg
a man wearing a black tank top with a leopard print pocket,Fashion_images/image_47.jpg
a man in a blue tank top and grey shorts,Fashion_images/image_48.jpg
a woman in a grey top and black shorts,Fashion_images/image_49.jpg
a man in a green and brown jacket,Fashion_images/image_50.jpg
a woman in a black and white striped sweater,Fashion_images/image_51.jpg
a man wearing a black shirt and tan pants,Fashion_images/image_52.jpg
a man in a white t - shirt and blue shorts,Fashion_images/image_53.jpg
a man standing with his arms crossed,Fashion_images/image_54.jpg
a woman in a white shirt and black shorts,Fashion_images/image_55.jpg
a beautiful young woman standing next to a brick wall,Fashion_images/image_56.jpg
a man in a grey t - shirt poses for a picture,Fashion_images/image_57.jpg
a man standing with his hands in his pockets,Fashion_images/image_58.jpg
a woman wearing a white top and blue jeans,Fashion_images/image_59.jpg
a man with dreadlocks wearing a blue shirt,Fashion_images/image_60.jpg
a woman in a gray cardigan sweater and jeans,Fashion_images/image_61.jpg
a woman wearing a white top and black shorts,Fashion_images/image_62.jpg
a woman in black shorts and a white top,Fashion_images/image_63.jpg
a man with a beard wearing a patterned t - shirt,Fashion_images/image_64.jpg
a woman wearing a shirt and leather pants,Fashion_images/image_65.jpg
a woman in white jeans and a blue floral top,Fashion_images/image_66.jpg
a man in a white t - shirt and grey shorts,Fashion_images/image_67.jpg
a young man wearing a white t - shirt and blue shorts,Fashion_images/image_68.jpg
a man wearing a jacket with a hood,Fashion_images/image_69.jpg
a man with tattoos and a beanie standing with his arms crossed,Fashion_images/image_70.jpg
a woman wearing a black hat and a white shirt,Fashion_images/image_71.jpg
a woman in a black top and a green skirt,Fashion_images/image_72.jpg
a man in a tank top and shorts posing for a picture,Fashion_images/image_73.jpg
a man standing with his hands in his pockets,Fashion_images/image_74.jpg
a woman wearing a black top and jeans,Fashion_images/image_75.jpg
a man standing in front of a white brick wall,Fashion_images/image_76.jpg
a man wearing a denim jacket and sweatpantss,Fashion_images/image_77.jpg
a man standing in front of a white background,Fashion_images/image_78.jpg
a man in a white t - shirt and black shorts,Fashion_images/image_79.jpg
a woman in a blue shirt and white shorts,Fashion_images/image_80.jpg
a woman wearing a pink top and black pants,Fashion_images/image_81.jpg
a woman in a black shirt and red pants,Fashion_images/image_82.jpg
a woman in a black and white shirt and leather shorts,Fashion_images/image_83.jpg
a beautiful young woman wearing a purple top,Fashion_images/image_84.jpg
a man in a red and blue shirt and white shorts,Fashion_images/image_85.jpg
a man in a gray t - shirt and blue pants,Fashion_images/image_86.jpg
a man with tattoos wearing a shirt and jeans,Fashion_images/image_87.jpg
a man wearing a t - shirt with a design on it,Fashion_images/image_88.jpg
a woman wearing a white turtle neck sweater and black leather pants,Fashion_images/image_89.jpg
a man standing in front of a white wall,Fashion_images/image_90.jpg
a woman in a grey romper and white sneakers,Fashion_images/image_91.jpg
a man in a grey and black hoodie,Fashion_images/image_92.jpg
a man in a white shirt and green pants,Fashion_images/image_93.jpg
a man in a t - shirt and joggers poses for a picture,Fashion_images/image_94.jpg
a man with tattoos sitting on a white box,Fashion_images/image_95.jpg
a woman wearing a black hat and white jeans,Fashion_images/image_96.jpg
a man in a blue shirt and black pants,Fashion_images/image_97.jpg
a man wearing a black sweater with white stars on it,Fashion_images/image_98.jpg
a man in a grey t - shirt and black pants,Fashion_images/image_99.jpg
a woman in a dress and sunglasses poses for a picture,Fashion_images/image_100.jpg
a man with dreadlocks wearing a paisley shirt,Fashion_images/image_101.jpg
a woman with long hair wearing a black cardigan,Fashion_images/image_102.jpg
a man wearing a blue shirt and black pants,Fashion_images/image_103.jpg
a woman in a black dress and a white hat,Fashion_images/image_104.jpg
a man standing in front of a white wall,Fashion_images/image_105.jpg
the back of a woman in a dress,Fashion_images/image_106.jpg
a woman in a plaid dress poses for a picture,Fashion_images/image_107.jpg
a man in a grey t - shirt and blue shorts,Fashion_images/image_108.jpg
a woman in a crop top and wide legged pants,Fashion_images/image_109.jpg
a woman wearing a white shirt and black shorts,Fashion_images/image_110.jpg
a woman in black shorts and a polka top,Fashion_images/image_111.jpg
a woman in a black shirt and red pants,Fashion_images/image_112.jpg
a man in a gray hoodie and black pants,Fashion_images/image_113.jpg
a woman in a white tank top and black shorts,Fashion_images/image_114.jpg
a man in a floral shirt and black pants,Fashion_images/image_115.jpg
a man in a grey polo shirt standing with his hands in his pockets,Fashion_images/image_116.jpg
a woman wearing a grey sweater and black pants,Fashion_images/image_117.jpg
a woman in black and white posing for a picture,Fashion_images/image_118.jpg
a man wearing a jacket and a plaid shirt,Fashion_images/image_119.jpg
a man in a striped shirt and red jacket,Fashion_images/image_120.jpg
a man in a white shirt and red pants,Fashion_images/image_121.jpg
a man standing with his hands in his pockets,Fashion_images/image_122.jpg
a man wearing a red and blue plaid shirt,Fashion_images/image_123.jpg
a woman standing on a wooden floor with a handbag,Fashion_images/image_124.jpg
a man in a gray shirt and tan pants,Fashion_images/image_125.jpg
a man wearing a white shirt and blue tie,Fashion_images/image_126.jpg
a woman wearing a tank top and ripped jeans,Fashion_images/image_127.jpg
a woman in a dress and hat poses for a picture,Fashion_images/image_128.jpg
a woman sitting on a white wall with her legs crossed,Fashion_images/image_129.jpg
a man in a black and red shirt and red shorts,Fashion_images/image_130.jpg
a woman in a black romper posing for a picture,Fashion_images/image_131.jpg
a woman wearing a white top and jeans,Fashion_images/image_132.jpg
a man in a white t - shirt and patterned pants,Fashion_images/image_133.jpg
a woman in a blue shirt and black pants,Fashion_images/image_134.jpg
a woman in a gray bodysuit posing for a picture,Fashion_images/image_135.jpg
a woman in a white blouse and a skirt,Fashion_images/image_136.jpg
a woman in a black and white sweater and grey pants,Fashion_images/image_137.jpg
a woman in a white dress and black hat,Fashion_images/image_138.jpg
a man wearing a black t - shirt with the word homites on it,Fashion_images/image_139.jpg
a woman wearing a white tank top and jeans,Fashion_images/image_140.jpg
a man wearing a tank top with a floral print,Fashion_images/image_141.jpg
a woman in a white tank top and jeans,Fashion_images/image_142.jpg
a woman in a black and white dress posing for a picture,Fashion_images/image_143.jpg
a woman wearing a pink top and denim shorts,Fashion_images/image_144.jpg
a man in a white shirt and black pants,Fashion_images/image_145.jpg
a man in a tank top and striped shorts,Fashion_images/image_146.jpg
a man wearing a tank top with stars on it,Fashion_images/image_147.jpg
a woman in a cropped top and jeans,Fashion_images/image_148.jpg
a man standing with his hands in his pockets,Fashion_images/image_149.jpg
a man in a black shirt and plaid pants,Fashion_images/image_150.jpg
a woman in a blue top and denim shorts,Fashion_images/image_151.jpg
a woman wearing a jumpsuit and sandals,Fashion_images/image_152.jpg
a woman wearing a black tank top and plaid shorts,Fashion_images/image_153.jpg
a woman with blonde hair wearing a dress and boots,Fashion_images/image_154.jpg
a man standing with his hands in his pockets,Fashion_images/image_155.jpg
a woman standing in a striped dress,Fashion_images/image_156.jpg
a man wearing a denim jacket and sweatpantss,Fashion_images/image_157.jpg
a man wearing a tank top with a cartoon character on it,Fashion_images/image_158.jpg
a man standing in front of a white wall,Fashion_images/image_159.jpg
a man in a black t - shirt and khaki pants,Fashion_images/image_160.jpg
a woman in black ripped jeans and a white crop top,Fashion_images/image_161.jpg
a man in a black sweatshirt and ripped jeans,Fashion_images/image_162.jpg
a woman wearing a white dress and sandals,Fashion_images/image_163.jpg
a man in a maroon sweater and pants,Fashion_images/image_164.jpg
a woman wearing a black and white top,Fashion_images/image_165.jpg
a man standing in a white t - shirt and pink sweatpants,Fashion_images/image_166.jpg
a woman standing in front of a white wall,Fashion_images/image_167.jpg
a man in a blue shirt and a beanie,Fashion_images/image_168.jpg
a man in a blue shirt and white pants,Fashion_images/image_169.jpg
a woman in a plaid dress and hoodie,Fashion_images/image_170.jpg
a woman standing in a room wearing a dress and sandals,Fashion_images/image_171.jpg
a woman in a black jacket and pants,Fashion_images/image_172.jpg
a woman in a black top and floral skirt,Fashion_images/image_173.jpg
a woman standing in a white cardigan sweater,Fashion_images/image_174.jpg
a woman standing in a black dress with a purse,Fashion_images/image_175.jpg
a man in a duffle coat and sneakers,Fashion_images/image_176.jpg
a man in a yellow and grey tank top,Fashion_images/image_177.jpg
a man standing with his hands in his pockets,Fashion_images/image_178.jpg
a man in a hat and jacket standing with his hands in his pockets,Fashion_images/image_179.jpg
a woman in a black dress and tight stockings,Fashion_images/image_180.jpg
a woman wearing a white and grey striped t - shirt,Fashion_images/image_181.jpg
a man wearing a grey sweater and black pants,Fashion_images/image_182.jpg
a man standing with his hands in his pockets,Fashion_images/image_183.jpg
a man wearing a white t - shirt with a colorful pocket,Fashion_images/image_184.jpg
a man standing with his hands in his pockets,Fashion_images/image_185.jpg
a man wearing a grey shirt and red pants,Fashion_images/image_186.jpg
a man wearing a black jacket and a baseball cap,Fashion_images/image_187.jpg
a man standing with his hands in his pockets,Fashion_images/image_188.jpg
a woman in a striped shirt and denim shorts,Fashion_images/image_189.jpg
a woman wearing a black tie dye top,Fashion_images/image_190.jpg
a woman in a black and white shirt and shorts,Fashion_images/image_191.jpg
a woman in a blue jacket and ripped jeans,Fashion_images/image_192.jpg
a man in a white t - shirt and black shorts,Fashion_images/image_193.jpg
a woman wearing a black and white striped shirt,Fashion_images/image_194.jpg
a man in a white shirt and black shorts,Fashion_images/image_195.jpg
a man wearing a blue shirt and white pants,Fashion_images/image_196.jpg
a woman in a white shirt and black leggings,Fashion_images/image_197.jpg
a man in a red hoodie poses for a picture,Fashion_images/image_198.jpg
a man standing in front of a white wall,Fashion_images/image_199.jpg
a woman posing for a picture in a sweater,Fashion_images/image_200.jpg
a woman in a white shirt and jeans posing for a picture,Fashion_images/image_201.jpg
a man in a black and white shirt and black pants,Fashion_images/image_202.jpg
a woman in a hat and jeans posing for a picture,Fashion_images/image_203.jpg
a man wearing a denim jacket and shorts,Fashion_images/image_204.jpg
a woman in white shorts and a tank top,Fashion_images/image_205.jpg
a woman in a blue floral print dress,Fashion_images/image_206.jpg
a woman in a white blouse and green pants,Fashion_images/image_207.jpg
a man standing in front of a white wall,Fashion_images/image_208.jpg
a man standing in front of a white wall,Fashion_images/image_209.jpg
a woman in black pants and a denim jacket,Fashion_images/image_210.jpg
a man standing in front of a white wall,Fashion_images/image_211.jpg
a woman wearing a black top and white shorts,Fashion_images/image_212.jpg
a man in a denim jacket and jogger pants,Fashion_images/image_213.jpg
a woman in a black shirt and shorts posing for a picture,Fashion_images/image_214.jpg
a woman in a white tank top and blue pants,Fashion_images/image_215.jpg
a woman in shorts and a sweater holding a bag,Fashion_images/image_216.jpg
a young man wearing a ballin 23 sweatshirt and camouflage pants,Fashion_images/image_217.jpg
a man in a blue and white checkered shirt,Fashion_images/image_218.jpg
a man standing with his arms crossed wearing a grey sweater,Fashion_images/image_219.jpg
a man wearing a denim jacket and a white shirt,Fashion_images/image_220.jpg
a woman in a black top and white skirt,Fashion_images/image_221.jpg
a woman wearing a white top and denim shorts,Fashion_images/image_222.jpg
a woman in a white top and blue jeans,Fashion_images/image_223.jpg
a woman in a white dress posing for a picture,Fashion_images/image_224.jpg
a man in a red shirt and a denim jacket,Fashion_images/image_225.jpg
a woman in a black top and a black skirt,Fashion_images/image_226.jpg
a woman in a black top and grey skirt,Fashion_images/image_227.jpg
a woman wearing a blue jacket and black pants,Fashion_images/image_228.jpg
a man in a black hoodie and grey sweatpants,Fashion_images/image_229.jpg
a woman wearing a white sweater with black writing on it,Fashion_images/image_230.jpg
a woman wearing a green jumpsuit and black boots,Fashion_images/image_231.jpg
a man in a tank top poses for a picture,Fashion_images/image_232.jpg
a man in a white shirt and black shorts,Fashion_images/image_233.jpg
a man in a white t - shirt and black shorts,Fashion_images/image_234.jpg
a woman in a white dress posing for a picture,Fashion_images/image_235.jpg
a woman in jeans and a cardigan top,Fashion_images/image_236.jpg
a woman in a maroon dress and black boots,Fashion_images/image_237.jpg
a woman wearing a hat and a plaid shirt,Fashion_images/image_238.jpg
a man in a black leather jacket and a black beanie,Fashion_images/image_239.jpg
a woman wearing a pink dress and sandals,Fashion_images/image_240.jpg
a man in a grey sweater and black pants,Fashion_images/image_241.jpg
a man standing in front of a white wall,Fashion_images/image_242.jpg
a woman in a green and white plaid dress,Fashion_images/image_243.jpg
a man in a blue shirt is posing for a picture,Fashion_images/image_244.jpg
a man in a blue suit and black shoes,Fashion_images/image_245.jpg
a woman in ripped jeans and a black coat,Fashion_images/image_246.jpg
a woman in a black top and black shorts,Fashion_images/image_247.jpg
a man with a tattoo on his arm wearing a tank top,Fashion_images/image_248.jpg
a woman in a red dress posing for a picture,Fashion_images/image_249.jpg
a woman wearing a hat and a dress,Fashion_images/image_250.jpg
a man with a tattoo on his arm wearing a t - shirt,Fashion_images/image_251.jpg
a man with a tattoo on his arm wearing a shirt and shorts,Fashion_images/image_252.jpg
a man wearing a green tank top standing in front of a gray wall,Fashion_images/image_253.jpg
a man wearing a white shirt and a hat,Fashion_images/image_254.jpg
a woman wearing a white shirt and denim shorts,Fashion_images/image_255.jpg
a beautiful young woman standing next to a white wall,Fashion_images/image_256.jpg
a man wearing a white tank top and blue jeans,Fashion_images/image_257.jpg
a woman wearing a hat and a gray tank top,Fashion_images/image_258.jpg
a woman wearing a white shirt and jeans,Fashion_images/image_259.jpg
a man in a grey sweatshirt and blue pants,Fashion_images/image_260.jpg
a man standing in front of a white wall,Fashion_images/image_261.jpg
a woman in a black and white tie dye dress,Fashion_images/image_262.jpg
a woman is standing on a wooden floor,Fashion_images/image_263.jpg
a woman in a pink shirt and black shorts,Fashion_images/image_264.jpg
a man wearing a hat and a shirt,Fashion_images/image_265.jpg
a woman in a black dress and hat posing for a picture,Fashion_images/image_266.jpg
a woman in a white top and black shorts,Fashion_images/image_267.jpg
a woman standing in a room wearing a black dress,Fashion_images/image_268.jpg
a woman in a green dress poses for a picture,Fashion_images/image_269.jpg
a young man is looking at his cell phone,Fashion_images/image_270.jpg
a man wearing a blue shirt with white dots on it,Fashion_images/image_271.jpg
a man wearing a grey sweater and blue pants,Fashion_images/image_272.jpg
a woman in a white shirt and denim shorts,Fashion_images/image_273.jpg
a woman wearing a white top with a cross back,Fashion_images/image_274.jpg
a man in a white tank top and khaki pants,Fashion_images/image_275.jpg
a man wearing a black and white shirt and cap,Fashion_images/image_276.jpg
a man in a white t - shirt and blue shorts,Fashion_images/image_277.jpg
a woman in a black and white outfit and sunglasses,Fashion_images/image_278.jpg
a man standing in front of a white brick wall,Fashion_images/image_279.jpg
a man in a black jacket and red pants,Fashion_images/image_280.jpg
a woman in a white and grey shirt and jeans,Fashion_images/image_281.jpg
a woman with long hair wearing a floral dress,Fashion_images/image_282.jpg
a woman in a short dress posing for a picture,Fashion_images/image_283.jpg
a woman wearing a grey cardigan top and denim shorts,Fashion_images/image_284.jpg
a man wearing a blue and grey shirt and khaki pants,Fashion_images/image_285.jpg
a man in a black jacket and black pants,Fashion_images/image_286.jpg
a woman in a white tank top and a red skirt,Fashion_images/image_287.jpg
a woman standing with her hands in her pockets,Fashion_images/image_288.jpg
a man in a white shirt and grey pants,Fashion_images/image_289.jpg
a woman in a black top and colorful pants,Fashion_images/image_290.jpg
a man in a gray shirt and red pants,Fashion_images/image_291.jpg
a woman in a black and white striped shirt,Fashion_images/image_292.jpg
a man in a black jacket and black pants,Fashion_images/image_293.jpg
a man in a blue shirt and khaki pants,Fashion_images/image_294.jpg
a man in a suit and tie posing for a picture,Fashion_images/image_295.jpg
a woman in a yellow dress posing for a picture,Fashion_images/image_296.jpg
a man in a black shirt and black pants,Fashion_images/image_297.jpg
a man in a white shirt and black pants,Fashion_images/image_298.jpg
a woman wearing a white dress and sandals,Fashion_images/image_299.jpg
a woman wearing ripped jeans and a striped shirt,Fashion_images/image_300.jpg
a man in a blue t - shirt and ripped jeans,Fashion_images/image_301.jpg
a woman wearing a white sweater and jeans,Fashion_images/image_302.jpg
a beautiful young woman in a white top and denim shorts,Fashion_images/image_303.jpg
a woman in a white and blue dress,Fashion_images/image_304.jpg
a woman in a black and white bikini top,Fashion_images/image_305.jpg
a man wearing a white t - shirt with black triangles on it,Fashion_images/image_306.jpg
a woman in a red and blue shirt and jeans,Fashion_images/image_307.jpg
a man in a black hoodie and grey pants,Fashion_images/image_308.jpg
a woman in a yellow top and blue denim skirt,Fashion_images/image_309.jpg
a woman in a neon green tank top and black shorts,Fashion_images/image_310.jpg
a woman in a yellow top posing for a picture,Fashion_images/image_311.jpg
a man in a grey shirt and black pants,Fashion_images/image_312.jpg
a man standing with his hands in his pockets,Fashion_images/image_313.jpg
a young man wearing a white and blue striped t - shirt,Fashion_images/image_314.jpg
a woman in a floral dress poses for a picture,Fashion_images/image_315.jpg
a man standing in front of a white brick wall,Fashion_images/image_316.jpg
a man sitting on top of a white cube,Fashion_images/image_317.jpg
a man in a white baseball jersey and black pants,Fashion_images/image_318.jpg
a woman sitting on a stool wearing a hat,Fashion_images/image_319.jpg
a man standing with his arms crossed,Fashion_images/image_320.jpg
a woman in a white top and black skirt,Fashion_images/image_321.jpg
a woman wearing a white top and jeans,Fashion_images/image_322.jpg
a woman in a white shirt and a black hat,Fashion_images/image_323.jpg
a man standing with his arms crossed,Fashion_images/image_324.jpg
a man in a maroon shirt and blue pants,Fashion_images/image_325.jpg
a man in a grey shirt and shorts posing for a picture,Fashion_images/image_326.jpg
a woman wearing white pants and a blue top,Fashion_images/image_327.jpg
a woman wearing a blue shirt and black pants,Fashion_images/image_328.jpg
a man with a tattoo on his arm,Fashion_images/image_329.jpg
a young man in a baseball uniform poses for a picture,Fashion_images/image_330.jpg
a woman in a white dress posing for a picture,Fashion_images/image_331.jpg
a man in a leather jacket and black pants,Fashion_images/image_332.jpg
a woman in a white shirt and pink shorts,Fashion_images/image_333.jpg
a woman wearing a blue and black plaid shirt,Fashion_images/image_334.jpg
a man in a black and grey sweater posing for a picture,Fashion_images/image_335.jpg
a man wearing a striped shirt and blue pants,Fashion_images/image_336.jpg
a woman wearing a white t - shirt and ripped jeans,Fashion_images/image_337.jpg
a man in a striped shirt and khaki pants,Fashion_images/image_338.jpg
a man in a striped shirt and white shorts,Fashion_images/image_339.jpg
a man in a white t - shirt poses for a picture,Fashion_images/image_340.jpg
a woman in plaid pants and a hoodie,Fashion_images/image_341.jpg
a man in a grey t - shirt and blue shorts,Fashion_images/image_342.jpg
a man in a black shirt and grey pants,Fashion_images/image_343.jpg
a man in a patterned shirt poses for a picture,Fashion_images/image_344.jpg
a man in a tank top with a giraffe print on it,Fashion_images/image_345.jpg
a man standing in front of a white wall,Fashion_images/image_346.jpg
a man in a grey t - shirt and black ripped jeans,Fashion_images/image_347.jpg
a woman in a black jumpsuit standing against a white wall,Fashion_images/image_348.jpg
a woman in a black top and shorts posing for a picture,Fashion_images/image_349.jpg
a woman in a denim dress holding a bag,Fashion_images/image_350.jpg
a woman wearing a hat and a blue top,Fashion_images/image_351.jpg
a woman wearing a black and white cardigan,Fashion_images/image_352.jpg
a woman in a crop top and black shorts,Fashion_images/image_353.jpg
a woman standing with her arms crossed,Fashion_images/image_354.jpg
a man standing with his hands in his pockets,Fashion_images/image_355.jpg
a man in a grey sweater standing with his hands in his pockets,Fashion_images/image_356.jpg
a woman wearing ripped jeans and a striped shirt,Fashion_images/image_357.jpg
a woman in a long dress standing in front of a white background,Fashion_images/image_358.jpg
a man wearing a blue and white striped shirt,Fashion_images/image_359.jpg
a woman in a blue top and white skirt,Fashion_images/image_360.jpg
a beautiful young woman wearing a white top and jeans,Fashion_images/image_361.jpg
a woman wearing a hat and a black dress,Fashion_images/image_362.jpg
a woman standing next to a white wall,Fashion_images/image_363.jpg
a woman wearing a black and white top with trees on it,Fashion_images/image_364.jpg
a man in a black shirt and khaki pants,Fashion_images/image_365.jpg
a woman wearing a black top and jeans,Fashion_images/image_366.jpg
a man standing in front of a white brick wall,Fashion_images/image_367.jpg
a woman wearing a black floral print dress,Fashion_images/image_368.jpg
a man wearing a duffle coat and red pants,Fashion_images/image_369.jpg
a woman in a skirt and sweater posing for a picture,Fashion_images/image_370.jpg
a woman in a black top and patterned pants,Fashion_images/image_371.jpg
a woman in a blue dress posing for a picture,Fashion_images/image_372.jpg
a man standing in front of a white wall,Fashion_images/image_373.jpg
a woman wearing a white sweater and jeans,Fashion_images/image_374.jpg
a woman wearing a yellow top and jeans,Fashion_images/image_375.jpg
a woman wearing a grey and black shirt and shorts,Fashion_images/image_376.jpg
a woman in a striped top and denim shorts,Fashion_images/image_377.jpg
a woman wearing a white blouse and jeans,Fashion_images/image_378.jpg
a woman wearing a white dress and sandals,Fashion_images/image_379.jpg
a woman in a pink sweater and black ripped jeans,Fashion_images/image_380.jpg
a man in a white shirt and a gray jacket,Fashion_images/image_381.jpg
a man in a white shirt and black vest,Fashion_images/image_382.jpg
a woman in shorts and a top posing for a picture,Fashion_images/image_383.jpg
a beautiful young woman wearing a plaid shirt,Fashion_images/image_384.jpg
a man wearing a black shirt and shorts,Fashion_images/image_385.jpg
a man wearing a black and grey baseball shirt,Fashion_images/image_386.jpg
a man with a backpack is standing in front of a wall,Fashion_images/image_387.jpg
a woman in a black dress and boots,Fashion_images/image_388.jpg
a woman in a red shirt and black jacket,Fashion_images/image_389.jpg
a woman wearing a black crop top and jeans,Fashion_images/image_390.jpg
a man in a mickey mouse t - shirt poses for a picture,Fashion_images/image_391.jpg
a man wearing a hat and a blue shirt,Fashion_images/image_392.jpg
a man with a tattoo on his arm wearing a t - shirt,Fashion_images/image_393.jpg
a man with a tattoo on his arm wearing a blue shirt,Fashion_images/image_394.jpg
a man standing in front of a white wall,Fashion_images/image_395.jpg
a man with a tattoo on his arm wearing a red shirt,Fashion_images/image_396.jpg
a woman in shorts and sandals posing for a picture,Fashion_images/image_397.jpg
a woman in a short dress posing for a picture,Fashion_images/image_398.jpg
a man in a blue sweatshirt and black pants,Fashion_images/image_399.jpg
a man in a white shirt with a polka dot pocket,Fashion_images/image_400.jpg
a man standing with his hands in his pockets,Fashion_images/image_401.jpg
a beautiful young woman wearing a striped shirt,Fashion_images/image_402.jpg
a woman wearing a t - shirt with a picture of a man on it,Fashion_images/image_403.jpg
a woman in a black top and patterned skirt,Fashion_images/image_404.jpg
a woman wearing a tank top and shorts,Fashion_images/image_405.jpg
a woman in a striped dress poses for a picture,Fashion_images/image_406.jpg
a woman in a blue dress posing for a picture,Fashion_images/image_407.jpg
a man in a white shirt and maroon pants,Fashion_images/image_408.jpg
a woman in a skirt and jacket posing for a picture,Fashion_images/image_409.jpg
a woman in a short dress posing for a picture,Fashion_images/image_410.jpg
a man in a gray shirt and a gray jacket,Fashion_images/image_411.jpg
a woman sitting on a stool in a blue top and pants,Fashion_images/image_412.jpg
a woman standing in front of a white wall,Fashion_images/image_413.jpg
a woman in a black top and white skirt,Fashion_images/image_414.jpg
a man wearing a miami heat baseball shirt,Fashion_images/image_415.jpg
a woman sitting on top of a wooden chair,Fashion_images/image_416.jpg
a woman wearing a tank top with an eagle on it,Fashion_images/image_417.jpg
a man wearing a white shirt and jeans,Fashion_images/image_418.jpg
a man with a tattoo on his arm wearing a tank top,Fashion_images/image_419.jpg
a man in a black hoodie is posing for a picture,Fashion_images/image_420.jpg
a beautiful young woman wearing a black tank top,Fashion_images/image_421.jpg
a man standing with his hands in his pockets,Fashion_images/image_422.jpg
a man wearing a tank top and shorts,Fashion_images/image_423.jpg
a man in a denim shirt and jeans,Fashion_images/image_424.jpg
a woman wearing a grey shirt with a pocket,Fashion_images/image_425.jpg
a man with a tattoo on his arm wearing a t - shirt,Fashion_images/image_426.jpg
a woman in a black and white dress poses for a picture,Fashion_images/image_427.jpg
a woman in a white tank top and khaki pants,Fashion_images/image_428.jpg
a woman with long blonde hair wearing a denim jacket,Fashion_images/image_429.jpg
a woman in a white top and maroon shorts,Fashion_images/image_430.jpg
a beautiful young woman wearing a black top and denim shorts,Fashion_images/image_431.jpg
a man in a blue shirt and maroon pants,Fashion_images/image_432.jpg
a woman wearing white shorts and a patterned top,Fashion_images/image_433.jpg
a woman in a white shirt and black shorts,Fashion_images/image_434.jpg
a beautiful young woman wearing a white top and denim shorts,Fashion_images/image_435.jpg
a man with a beard wearing a mickey mouse shirt,Fashion_images/image_436.jpg
a woman in a black and white dress,Fashion_images/image_437.jpg
a woman wearing a white tank top and black shorts,Fashion_images/image_438.jpg
a woman in a brown coat and black leggings,Fashion_images/image_439.jpg
a woman wearing a black top and denim shorts,Fashion_images/image_440.jpg
a man in a green shirt and blue jeans,Fashion_images/image_441.jpg
a woman with blonde hair wearing a white top and ripped jeans,Fashion_images/image_442.jpg
a woman in a white tank top and blue floral shorts,Fashion_images/image_443.jpg
a woman wearing ripped jeans and a sweater,Fashion_images/image_444.jpg
a man wearing a blue shirt with polka dots on it,Fashion_images/image_445.jpg
a man standing with his hands in his pockets,Fashion_images/image_446.jpg
a woman wearing a cropped top and ripped jeans,Fashion_images/image_447.jpg
a young man in a white tank top and khaki shorts,Fashion_images/image_448.jpg
a woman in plaid pants and a hoodie,Fashion_images/image_449.jpg
a man in a blue shirt and shorts stands with his hands in his pockets,Fashion_images/image_450.jpg
a woman wearing a blue top and shorts,Fashion_images/image_451.jpg
a woman in a white shirt that says already planning what i'm going to eat tomorrow,Fashion_images/image_452.jpg
a young man in a tank top poses for a picture,Fashion_images/image_453.jpg
a man in a black jacket and red plaid shirt,Fashion_images/image_454.jpg
a woman in a white top and black and white tie dye skirt,Fashion_images/image_455.jpg
a man carrying a red bag and a red bag,Fashion_images/image_456.jpg
a man wearing a black v - neck t - shirt,Fashion_images/image_457.jpg
a man in a black sweatshirt and a red beanie,Fashion_images/image_458.jpg
a woman in jeans and a white shirt,Fashion_images/image_459.jpg
a woman wearing a miami heat tank top,Fashion_images/image_460.jpg
a woman in a pink shirt and black pants,Fashion_images/image_461.jpg
a man with dreadlocks wearing a white t - shirt,Fashion_images/image_462.jpg
a woman in shorts and a tank top,Fashion_images/image_463.jpg
a man with dreadlocks wearing a white shirt and red pants,Fashion_images/image_464.jpg
a man wearing a black shirt and tan pants,Fashion_images/image_465.jpg
a woman sitting on a stool wearing a hat,Fashion_images/image_466.jpg
a woman in a pink dress posing for a picture,Fashion_images/image_467.jpg
a beautiful young woman wearing a black hat,Fashion_images/image_468.jpg
a woman in a red top and black pants,Fashion_images/image_469.jpg
a woman in a green and white floral print dress,Fashion_images/image_470.jpg
a woman in a gold dress poses for a picture,Fashion_images/image_471.jpg
a woman wearing a black and white striped sweater,Fashion_images/image_472.jpg
a woman in a white dress posing for a picture,Fashion_images/image_473.jpg
a woman wearing a dress and a hat,Fashion_images/image_474.jpg
a woman in a white top and denim shorts,Fashion_images/image_475.jpg
a man with a tattoo on his arm wearing a tank top,Fashion_images/image_476.jpg
a woman in white jeans and a striped t - shirt,Fashion_images/image_477.jpg
a woman wearing a red and black striped shirt,Fashion_images/image_478.jpg
a man in a striped shirt and black shorts,Fashion_images/image_479.jpg
a man wearing a white shirt and blue jeans,Fashion_images/image_480.jpg
a man in a short sleeve shirt and shorts,Fashion_images/image_481.jpg
a man in a white shirt and black shorts,Fashion_images/image_482.jpg
a woman in a black shirt and white jeans,Fashion_images/image_483.jpg
a man standing in a white shirt and blue denim shorts,Fashion_images/image_484.jpg
a woman in a pink shirt and white shorts,Fashion_images/image_485.jpg
a woman wearing a hat and black shorts,Fashion_images/image_486.jpg
a man in a hoodie is posing for a picture,Fashion_images/image_487.jpg
a man wearing a black sweatshirt with a crown on it,Fashion_images/image_488.jpg
a woman in a white sweater and plaid pants,Fashion_images/image_489.jpg
a man in a purple suit and a black bag,Fashion_images/image_490.jpg
a woman in a red bodysuit posing for a picture,Fashion_images/image_491.jpg
a woman with long blonde hair wearing a pink tank top,Fashion_images/image_492.jpg
a woman in a red dress and brown boots,Fashion_images/image_493.jpg
a man wearing a floral shirt and white pants,Fashion_images/image_494.jpg
a man in a white t - shirt and patterned shorts,Fashion_images/image_495.jpg
a man with dreadlocks wearing a tank top,Fashion_images/image_496.jpg
a woman in a pink shirt and black vest,Fashion_images/image_497.jpg
a woman in a dress and sandals posing for a picture,Fashion_images/image_498.jpg
a man standing with his hands in his pockets,Fashion_images/image_499.jpg
a man with a tattoo on his arm wearing a tank top,Fashion_images/image_500.jpg
a woman wearing a white and grey shirt and blue shorts,Fashion_images/image_501.jpg
a man wearing a blue and green striped shirt,Fashion_images/image_502.jpg
a woman wearing a black top and ripped jeans,Fashion_images/image_503.jpg
a man wearing a white t - shirt with a colorful pocket,Fashion_images/image_504.jpg
a man in a white tank top and floral shorts,Fashion_images/image_505.jpg
a woman in a black dress posing for a picture,Fashion_images/image_506.jpg
a man in a tank top standing with his hands in his pockets,Fashion_images/image_507.jpg
a woman in a striped top and black shorts,Fashion_images/image_508.jpg
a woman in a black and white checkered shirt and ripped jeans,Fashion_images/image_509.jpg
a man in a white shirt and striped shorts,Fashion_images/image_510.jpg
a woman in a denim dress poses for a picture,Fashion_images/image_511.jpg
a man in a white tank top and khaki pants,Fashion_images/image_512.jpg
a man in a grey jacket and black pants,Fashion_images/image_513.jpg
a woman in a pink dress and leather jacket,Fashion_images/image_514.jpg
a woman wearing a blue top and jeans,Fashion_images/image_515.jpg
a man wearing a black and gold t - shirt,Fashion_images/image_516.jpg
a woman standing with a purse and a handbag,Fashion_images/image_517.jpg
a woman wearing a jacket and jeans posing for a picture,Fashion_images/image_518.jpg
a woman wearing a black top and denim shorts,Fashion_images/image_519.jpg
a woman in a floral dress posing for a picture,Fashion_images/image_520.jpg
a man in a jacket and shorts posing for a picture,Fashion_images/image_521.jpg
a man in a black hoodie standing in front of a white brick wall,Fashion_images/image_522.jpg
a man in a checkered shirt is posing for a picture,Fashion_images/image_523.jpg
a man standing with his hands in his pockets,Fashion_images/image_524.jpg
a woman in black pants and a white top,Fashion_images/image_525.jpg
a woman in a dress and boots posing for a picture,Fashion_images/image_526.jpg
a woman in a white top and black shorts,Fashion_images/image_527.jpg
a woman in jeans and heels is walking,Fashion_images/image_528.jpg
a woman in a white sweater and black pants,Fashion_images/image_529.jpg
a man with a tattoo on his arm is walking,Fashion_images/image_530.jpg
a man in a black t - shirt and pants,Fashion_images/image_531.jpg
a woman in a red tank top and ripped jeans,Fashion_images/image_532.jpg
a man in ripped jeans and a black t - shirt,Fashion_images/image_533.jpg
a man in a striped shirt and white pants,Fashion_images/image_534.jpg
a man wearing a hat and a hoodie,Fashion_images/image_535.jpg
a man in a gray shirt and blue pants,Fashion_images/image_536.jpg
a woman in a black skirt and grey shirt,Fashion_images/image_537.jpg
a woman wearing a striped shirt and jeans,Fashion_images/image_538.jpg
a man in a white shirt and blue pants,Fashion_images/image_539.jpg
a man in a white shirt and black and red patterned shorts,Fashion_images/image_540.jpg
a woman in a grey dress standing against a wall,Fashion_images/image_541.jpg
a woman in a short dress and black shoes,Fashion_images/image_542.jpg
a man with dreadlocks standing in front of a white wall,Fashion_images/image_543.jpg
a man wearing a tank top with flowers on it,Fashion_images/image_544.jpg
a man in a denim jacket and jogger pants,Fashion_images/image_545.jpg
a man with a tattoo on his arm wearing a t - shirt,Fashion_images/image_546.jpg
a woman in a blue top and jeans,Fashion_images/image_547.jpg
a man in a white tank top and black shorts,Fashion_images/image_548.jpg
a man in a white t - shirt is posing for a picture,Fashion_images/image_549.jpg
a woman in a white shirt and black shorts,Fashion_images/image_550.jpg
a woman in a white top and blue jeans,Fashion_images/image_551.jpg
a man standing in front of a white brick wall,Fashion_images/image_552.jpg
a man wearing a sweater with a pattern on it,Fashion_images/image_553.jpg
a man in a tank top and shorts posing for a picture,Fashion_images/image_554.jpg
a woman in a black tank top and tan shorts,Fashion_images/image_555.jpg
a man in a blue shirt and a black beanie,Fashion_images/image_556.jpg
a woman in a white dress sitting on a stool,Fashion_images/image_557.jpg
a man in a blue tank top and white pants,Fashion_images/image_558.jpg
a woman in a cropped top and white pants,Fashion_images/image_559.jpg
a woman in a white top and black skirt,Fashion_images/image_560.jpg
a man in a white t - shirt and black pants,Fashion_images/image_561.jpg
a woman standing against a wall wearing a floral dress,Fashion_images/image_562.jpg
a woman in a white t - shirt and black and white patterned overalls,Fashion_images/image_563.jpg
a woman wearing a brown blouse and black pants,Fashion_images/image_564.jpg
a woman in a black shirt and leopard print pants,Fashion_images/image_565.jpg
a woman wearing a hat and a sweater,Fashion_images/image_566.jpg
a man standing in front of a white wall,Fashion_images/image_567.jpg
a man in a white shirt and black pants,Fashion_images/image_568.jpg
a man in a white tank top and pink shorts,Fashion_images/image_569.jpg
a man in a blue shirt and khaki pants,Fashion_images/image_570.jpg
a man wearing a red and blue plaid shirt,Fashion_images/image_571.jpg
a woman in a white shirt and blue shorts,Fashion_images/image_572.jpg
a woman wearing a black jacket and pants,Fashion_images/image_573.jpg
a man wearing a red and black checkered shirt,Fashion_images/image_574.jpg
a woman wearing a grey hoodie and ripped jeans,Fashion_images/image_575.jpg
a woman wearing a white top and jeans,Fashion_images/image_576.jpg
a woman wearing a green and black plaid shirt,Fashion_images/image_577.jpg
a woman in a white lace dress posing for a picture,Fashion_images/image_578.jpg
a woman in a black shirt and denim shorts,Fashion_images/image_579.jpg
a woman in a skirt and sweater posing for a picture,Fashion_images/image_580.jpg
a man in a tank top and shorts posing for a picture,Fashion_images/image_581.jpg
a woman in a blue kimono is posing for a picture,Fashion_images/image_582.jpg
"a man in a red, green and blue shirt and tan pants",Fashion_images/image_583.jpg
a woman wearing a t - shirt with a picture of a man on it,Fashion_images/image_584.jpg
a woman wearing a hat and a white shirt,Fashion_images/image_585.jpg
a man wearing a red and black plaid shirt,Fashion_images/image_586.jpg
a man standing in front of a white wall,Fashion_images/image_587.jpg
a man standing in a white and black shirt,Fashion_images/image_588.jpg
a man with dreadlocks wearing a tank top,Fashion_images/image_589.jpg
a man in a blue shirt and a baseball cap,Fashion_images/image_590.jpg
a woman wearing ripped jeans and a white tank top,Fashion_images/image_591.jpg
a woman standing with her hands in her pockets,Fashion_images/image_592.jpg
a woman in a floral dress posing for a picture,Fashion_images/image_593.jpg
a man in a red hoodie standing with his hands in his pockets,Fashion_images/image_594.jpg
a man in a black shirt and grey pants,Fashion_images/image_595.jpg
a man standing with his hands in his pockets,Fashion_images/image_596.jpg
a man wearing a white shirt and black pants,Fashion_images/image_597.jpg
a woman wearing a blue top and black pants,Fashion_images/image_598.jpg
a woman wearing a pink dress and heels,Fashion_images/image_599.jpg
a man in a green shirt and black pants,Fashion_images/image_600.jpg
a man with dreadlocks wearing a white t - shirt,Fashion_images/image_601.jpg
a woman in leather pants posing for a picture,Fashion_images/image_602.jpg
a woman in a white shirt and black pants,Fashion_images/image_603.jpg
a man wearing a black and white paisley t - shirt,Fashion_images/image_604.jpg
a woman in a white tank top and beige shorts,Fashion_images/image_605.jpg
a man standing with his hands in his pockets,Fashion_images/image_606.jpg
a woman wearing a yellow top and jeans,Fashion_images/image_607.jpg
a woman wearing a white shirt and jeans,Fashion_images/image_608.jpg
a man in a yellow shirt and white pants,Fashion_images/image_609.jpg
a man standing in front of a white wall,Fashion_images/image_610.jpg
a woman in a striped tank top and denim shorts,Fashion_images/image_611.jpg
a woman in black pants and a gray shirt,Fashion_images/image_612.jpg
a woman wearing a tank top with a slogan on it,Fashion_images/image_613.jpg
a man in a gray shirt and khaki pants,Fashion_images/image_614.jpg
a woman wearing a white top and black pants,Fashion_images/image_615.jpg
a woman in a coat and jeans poses for a picture,Fashion_images/image_616.jpg
a man in a t - shirt and ripped jeans,Fashion_images/image_617.jpg
a woman wearing a black top and denim shorts,Fashion_images/image_618.jpg
a woman in a blue dress posing for a picture,Fashion_images/image_619.jpg
a man with a tattoo on his arm wearing a shirt,Fashion_images/image_620.jpg
a man wearing a blue shirt and tan pants,Fashion_images/image_621.jpg
a man wearing a t - shirt with blue and green leaves on it,Fashion_images/image_622.jpg
a woman standing in a room wearing a black coat,Fashion_images/image_623.jpg
a man in a black shirt and leopard print pants,Fashion_images/image_624.jpg
a man in a red hoodie with his arms crossed,Fashion_images/image_625.jpg
a woman in a white top and black pants,Fashion_images/image_626.jpg
a man wearing a tank top with a floral print,Fashion_images/image_627.jpg
a woman wearing a black romper and a hat,Fashion_images/image_628.jpg
a man wearing a flowered t - shirt and sunglasses,Fashion_images/image_629.jpg
a woman in a red dress posing for a picture,Fashion_images/image_630.jpg
a woman in a bikini top and shorts,Fashion_images/image_631.jpg
a woman sitting on a chair with a purse,Fashion_images/image_632.jpg
a woman wearing a black dress with a lace overlay,Fashion_images/image_633.jpg
a woman in a striped sweater and ripped jeans,Fashion_images/image_634.jpg
a woman wearing a red top and jeans,Fashion_images/image_635.jpg
a woman standing in front of a white wall,Fashion_images/image_636.jpg
a man wearing a black and white patterned shirt,Fashion_images/image_637.jpg
a man in a suit and tie posing for a picture,Fashion_images/image_638.jpg
a woman in white pants and a black top,Fashion_images/image_639.jpg
a woman wearing a beige sweater and jeans,Fashion_images/image_640.jpg
a woman wearing a white top and denim shorts,Fashion_images/image_641.jpg
a man with a tattoo on his arm,Fashion_images/image_642.jpg
a man standing in front of a white brick wall,Fashion_images/image_643.jpg
a woman in a black dress standing on a wooden floor,Fashion_images/image_644.jpg
a woman in white shorts and a black shirt,Fashion_images/image_645.jpg
a man wearing a black and yellow t - shirt,Fashion_images/image_646.jpg
a woman wearing a grey sweater with a slogan on it,Fashion_images/image_647.jpg
a young man wearing a blue and pink shirt,Fashion_images/image_648.jpg
a man with a tattoo on his arm wearing a shirt,Fashion_images/image_649.jpg
a woman in a blue dress posing for a picture,Fashion_images/image_650.jpg
a man standing in front of a white wall,Fashion_images/image_651.jpg
a man with a tattoo on his arm wearing a t - shirt,Fashion_images/image_652.jpg
a woman in a floral jacket and ripped jeans,Fashion_images/image_653.jpg
a man in a striped shirt and khaki pants,Fashion_images/image_654.jpg
a man standing with his hands in his pockets,Fashion_images/image_655.jpg
a man wearing a blue shirt and black pants,Fashion_images/image_656.jpg
a man in a plaid shirt and blue pants,Fashion_images/image_657.jpg
a man in a grey sweater and black pants,Fashion_images/image_658.jpg
a woman in a long dress posing for a picture,Fashion_images/image_659.jpg
a man standing in front of a white brick wall,Fashion_images/image_660.jpg
a woman in a black romper posing for a picture,Fashion_images/image_661.jpg
a man wearing a white jersey with a number on it,Fashion_images/image_662.jpg
a woman in a black and white striped jumpsuit,Fashion_images/image_663.jpg
a woman in a black and white striped shirt and jeans,Fashion_images/image_664.jpg
a young man wearing a blue t - shirt and blue pants,Fashion_images/image_665.jpg
a woman in a black and white dress posing for a picture,Fashion_images/image_666.jpg
a woman in a skirt posing for a picture,Fashion_images/image_667.jpg
a woman in a black and blue floral top,Fashion_images/image_668.jpg
a woman in a blue shirt and ripped jeans,Fashion_images/image_669.jpg
a man in a green suit and black t - shirt,Fashion_images/image_670.jpg
a woman in a white shirt and black shorts,Fashion_images/image_671.jpg
a man wearing a white t - shirt and jeans,Fashion_images/image_672.jpg
a man in a new york nets sweater poses for a picture,Fashion_images/image_673.jpg
a man wearing a blue and black floral shirt,Fashion_images/image_674.jpg
a woman in a white shirt and red shorts,Fashion_images/image_675.jpg
a man wearing a hat and a t - shirt,Fashion_images/image_676.jpg
a man sitting on top of a white box,Fashion_images/image_677.jpg
a man wearing a blue denim shirt and black pants,Fashion_images/image_678.jpg
a man in a white tank top and blue shorts,Fashion_images/image_679.jpg
a woman wearing a white tank top and denim shorts,Fashion_images/image_680.jpg
a man wearing a black shirt and tan pants,Fashion_images/image_681.jpg
a man wearing a black shirt and grey pants,Fashion_images/image_682.jpg
a man wearing a blue shirt and white pants,Fashion_images/image_683.jpg
a woman in a striped top and jeans,Fashion_images/image_684.jpg
a woman in a white top and blue jeans,Fashion_images/image_685.jpg
a woman in a long dress posing for a picture,Fashion_images/image_686.jpg
a woman in shorts and a jacket posing for a picture,Fashion_images/image_687.jpg
a man with a beard wearing a light blue shirt,Fashion_images/image_688.jpg
a man with a beard wearing a blue shirt,Fashion_images/image_689.jpg
a woman in a grey shirt and black jeans,Fashion_images/image_690.jpg
a woman wearing a black top and white shorts,Fashion_images/image_691.jpg
a man standing with his hands in his pockets,Fashion_images/image_692.jpg
a man in a blue sweater and ripped jeans,Fashion_images/image_693.jpg
a man wearing a grey shirt and black pants,Fashion_images/image_694.jpg
a man wearing a black t - shirt and khaki pants,Fashion_images/image_695.jpg
a woman in a grey sweater and black skirt,Fashion_images/image_696.jpg
a man in a vest and pants posing for a picture,Fashion_images/image_697.jpg
a man wearing a red and black striped shirt,Fashion_images/image_698.jpg
a woman wearing a dress with a crochet back,Fashion_images/image_699.jpg
a man standing with his arms crossed,Fashion_images/image_700.jpg
a woman wearing a hat and a white shirt,Fashion_images/image_701.jpg
a man wearing a sweater with animals on it,Fashion_images/image_702.jpg
a woman in a red blazer and white dress holding a black bag,Fashion_images/image_703.jpg
a man standing with his arms crossed,Fashion_images/image_704.jpg
a man in a black sweater and jeans,Fashion_images/image_705.jpg
a man in a green tank top and black shorts,Fashion_images/image_706.jpg
a woman in jeans and a tank top posing for a picture,Fashion_images/image_707.jpg
a man standing in front of a white brick wall,Fashion_images/image_708.jpg
a woman in a crop top and patterned pants,Fashion_images/image_709.jpg
a man wearing a grey shirt and black pants,Fashion_images/image_710.jpg
a woman in a blue dress standing against a wall,Fashion_images/image_711.jpg
a man in a green shirt and black pants,Fashion_images/image_712.jpg
a woman in a white top and black shorts,Fashion_images/image_713.jpg
a woman in a black top and denim shorts,Fashion_images/image_714.jpg
a man standing with his hands in his pockets,Fashion_images/image_715.jpg
a woman wearing a blue and white top and black leggings,Fashion_images/image_716.jpg
a man in a black jacket and plaid shirt,Fashion_images/image_717.jpg
a man with a tattoo on his arm,Fashion_images/image_718.jpg
a woman wearing a t - shirt that says so tired,Fashion_images/image_719.jpg
a woman wearing a pink top and jeans,Fashion_images/image_720.jpg
a man in a striped shirt and ripped shorts,Fashion_images/image_721.jpg
a woman in a blue shirt and black pants,Fashion_images/image_722.jpg
a woman in a green dress posing for a picture,Fashion_images/image_723.jpg
a man in a white shirt and grey pants,Fashion_images/image_724.jpg
a woman in shorts and a tank top posing for a picture,Fashion_images/image_725.jpg
a woman wearing a white top and jeans,Fashion_images/image_726.jpg
a woman in a black hat and jacket posing for a picture,Fashion_images/image_727.jpg
a woman wearing a pink jacket and black pants,Fashion_images/image_728.jpg
a woman in a dress and sandals posing for a picture,Fashion_images/image_729.jpg
a woman in short shorts and a white shirt,Fashion_images/image_730.jpg
a man in a tank top and shorts posing for a picture,Fashion_images/image_731.jpg
a man in a tank top standing with his hands in his pockets,Fashion_images/image_732.jpg
a man standing with his hands in his pockets,Fashion_images/image_733.jpg
a man with dreadlocks standing in front of a white wall,Fashion_images/image_734.jpg
a man wearing a hat and a white shirt,Fashion_images/image_735.jpg
a man in a green jacket with his arms crossed,Fashion_images/image_736.jpg
a man in a blue shirt and blue pants,Fashion_images/image_737.jpg
a young man wearing a tank top and jeans,Fashion_images/image_738.jpg
a man standing with his hands in his pockets,Fashion_images/image_739.jpg
a young man wearing a black tank top,Fashion_images/image_740.jpg
a man wearing a shirt with a pattern of boats on it,Fashion_images/image_741.jpg
a man in a red hoodie standing with his hands in his pockets,Fashion_images/image_742.jpg
a woman in a green tank top posing for a picture,Fashion_images/image_743.jpg
a woman in a white dress standing in a room,Fashion_images/image_744.jpg
a woman wearing a white dress with black lace on it,Fashion_images/image_745.jpg
a man in a tank top and shorts posing for a picture,Fashion_images/image_746.jpg
a man with a tattoo on his arm wearing a shirt,Fashion_images/image_747.jpg
a man standing with his hands in his pockets,Fashion_images/image_748.jpg
a man in a short sleeve shirt and shorts,Fashion_images/image_749.jpg
a yellow sweatshirt on a white background,Fashion_images/image_750.jpg
a woman in a white dress posing for a picture,Fashion_images/image_751.jpg
a woman wearing a red and blue jumpsuit,Fashion_images/image_752.jpg
a man standing with his arms crossed,Fashion_images/image_753.jpg
a man in a blue shirt and black pants,Fashion_images/image_754.jpg
a man wearing a white shirt and black pants,Fashion_images/image_755.jpg
a woman wearing a pink top and denim shorts,Fashion_images/image_756.jpg
a woman wearing a black and white elephant print romper,Fashion_images/image_757.jpg
a black sweatshirt on a white background,Fashion_images/image_758.jpg
a man in a black shirt and blue pants,Fashion_images/image_759.jpg
a woman in shorts and a tank top,Fashion_images/image_760.jpg
a woman in jeans and a black blouse,Fashion_images/image_761.jpg
a woman in a yellow jacket and ripped jeans,Fashion_images/image_762.jpg
a man wearing a sweater with a pattern on it,Fashion_images/image_763.jpg
a man with dreadlocks wearing a floral shirt,Fashion_images/image_764.jpg
a man wearing a grey shirt and black pants,Fashion_images/image_765.jpg
a man standing with his hands in his pockets,Fashion_images/image_766.jpg
a man wearing a black shirt and a beanie,Fashion_images/image_767.jpg
a woman in a pink dress poses for a picture,Fashion_images/image_768.jpg
a woman in a red top and black skirt,Fashion_images/image_769.jpg
a woman in a grey turtle neck sweater and denim shorts,Fashion_images/image_770.jpg
a young man in a grey and white striped t - shirt,Fashion_images/image_771.jpg
a man in a striped shirt poses for a picture,Fashion_images/image_772.jpg
a man wearing a black tank top and grey pants,Fashion_images/image_773.jpg
a man in a black shirt and khaki pants,Fashion_images/image_774.jpg
a woman wearing a pink top and black pants,Fashion_images/image_775.jpg
a woman in a grey dress and black boots,Fashion_images/image_776.jpg
a woman in a black dress posing for a picture,Fashion_images/image_777.jpg
a woman standing in front of a white wall,Fashion_images/image_778.jpg
a man in a white shirt and white shorts,Fashion_images/image_779.jpg
a woman wearing a blue and white shirt,Fashion_images/image_780.jpg
a woman in jeans and a sweater posing for a picture,Fashion_images/image_781.jpg
a woman standing in front of a white wall,Fashion_images/image_782.jpg
a man standing in front of a white wall,Fashion_images/image_783.jpg
a man in a black shirt and khaki pants,Fashion_images/image_784.jpg
a woman wearing a white blouse and jeans,Fashion_images/image_785.jpg
a man in a leather jacket posing for a picture,Fashion_images/image_786.jpg
a man in a black shirt and grey pants,Fashion_images/image_787.jpg
a woman in shorts and a jacket posing for a picture,Fashion_images/image_788.jpg
a man wearing a t - shirt with a picture of a beach scene on it,Fashion_images/image_789.jpg
a woman in a striped dress poses for a picture,Fashion_images/image_790.jpg
a man in a red sweater and khaki pants,Fashion_images/image_791.jpg
a woman standing in a room wearing a jacket,Fashion_images/image_792.jpg
a man in a white shirt and a black hat,Fashion_images/image_793.jpg
a man in a black shirt and denim shorts,Fashion_images/image_794.jpg
a woman in a black top and jeans posing for a picture,Fashion_images/image_795.jpg
a woman wearing a white blouse and jeans,Fashion_images/image_796.jpg
a man wearing a t - shirt with a cartoon of himself on it,Fashion_images/image_797.jpg
a woman in a top and shorts posing for a picture,Fashion_images/image_798.jpg
a woman wearing shorts and a tank top,Fashion_images/image_799.jpg
a beautiful young woman wearing a white top and denim shorts,Fashion_images/image_800.jpg
a man in a tank top with a pocket on his chest,Fashion_images/image_801.jpg
a man in a blue shirt and khaki shorts,Fashion_images/image_802.jpg
a man wearing a blue shirt and grey pants,Fashion_images/image_803.jpg
a woman in a floral dress poses for a picture,Fashion_images/image_804.jpg
a man wearing a hat and a white shirt,Fashion_images/image_805.jpg
a woman in a pink jumpsuit with a black purse,Fashion_images/image_806.jpg
a woman wearing a black suit and hat,Fashion_images/image_807.jpg
a man wearing a black vest and a white shirt,Fashion_images/image_808.jpg
a man wearing a white shirt and black pants,Fashion_images/image_809.jpg
a man in a striped tank top poses for a picture,Fashion_images/image_810.jpg
a woman in a black and white dress posing for a picture,Fashion_images/image_811.jpg
a man in a black tank top and khaki pants,Fashion_images/image_812.jpg
a man wearing a blue shirt with clouds on it,Fashion_images/image_813.jpg
a woman wearing ripped jeans and a cropped top,Fashion_images/image_814.jpg
a woman wearing a white top and black jeans,Fashion_images/image_815.jpg
a woman in a pink shirt and black pants,Fashion_images/image_816.jpg
a man in a blue jacket and white sneakers,Fashion_images/image_817.jpg
a man wearing a blue shirt and black pants,Fashion_images/image_818.jpg
a woman wearing a black and white striped cardigan,Fashion_images/image_819.jpg
a man in a white shirt and khaki pants,Fashion_images/image_820.jpg
a woman sitting on top of a metal stool,Fashion_images/image_821.jpg
a woman in a white shirt and black shorts,Fashion_images/image_822.jpg
a woman wearing a black top and grey pants,Fashion_images/image_823.jpg
a man wearing a tan v - neck shirt,Fashion_images/image_824.jpg
a man in a red jacket and blue shorts,Fashion_images/image_825.jpg
a woman in a skirt and sweater posing for a picture,Fashion_images/image_826.jpg
a man wearing a blue shirt and grey pants,Fashion_images/image_827.jpg
a woman in a patterned jumpsuit poses for a picture,Fashion_images/image_828.jpg
a woman wearing a dress with elephants on it,Fashion_images/image_829.jpg
a woman in a white top and yellow shorts,Fashion_images/image_830.jpg
a man standing in front of a gray wall,Fashion_images/image_831.jpg
a man in a white tank top and black pants,Fashion_images/image_832.jpg
a woman in a white shirt and black skirt,Fashion_images/image_833.jpg
a woman wearing a white top and shorts,Fashion_images/image_834.jpg
a woman in a short dress posing for a picture,Fashion_images/image_835.jpg
a man in a shirt and shorts posing for a picture,Fashion_images/image_836.jpg
a man in a blue tank top is holding a backpack,Fashion_images/image_837.jpg
a woman in a green top and denim shorts,Fashion_images/image_838.jpg
a woman wearing a black top and denim shorts,Fashion_images/image_839.jpg
a woman in a white top and blue jeans,Fashion_images/image_840.jpg
a woman wearing a hat and a white top,Fashion_images/image_841.jpg
a woman in a dress and hat posing for a picture,Fashion_images/image_842.jpg
a woman wearing a blue and white patterned romper,Fashion_images/image_843.jpg
a woman wearing a black and white top and a floral skirt,Fashion_images/image_844.jpg
a man standing with his hands in his pockets,Fashion_images/image_845.jpg
a woman wearing a white shirt and jeans,Fashion_images/image_846.jpg
a man wearing a white shirt and black pants,Fashion_images/image_847.jpg
a man wearing a hat and a plaid shirt,Fashion_images/image_848.jpg
a man in a black jacket and jeans,Fashion_images/image_849.jpg
a man wearing a denim jacket and shorts,Fashion_images/image_850.jpg
a man wearing a white t - shirt with palm trees on it,Fashion_images/image_851.jpg
a man wearing a hat and a t - shirt,Fashion_images/image_852.jpg
a woman wearing a denim jacket and black pants,Fashion_images/image_853.jpg
a man in a blue tank top with a white pocket,Fashion_images/image_854.jpg
a woman in a striped shirt and grey pants,Fashion_images/image_855.jpg
a woman standing in a white shirt and denim shorts,Fashion_images/image_856.jpg
a woman wearing a white sweater and jeans,Fashion_images/image_857.jpg
a woman wearing a skirt and a hat,Fashion_images/image_858.jpg
a woman in a short skirt and a crop top,Fashion_images/image_859.jpg
a man in a white t - shirt and jeans,Fashion_images/image_860.jpg
a man standing with his hands in his pockets,Fashion_images/image_861.jpg
a man standing in front of a gray wall,Fashion_images/image_862.jpg
a man in a black jacket and white t - shirt,Fashion_images/image_863.jpg
a young man wearing a hat and overalls,Fashion_images/image_864.jpg
a man wearing a black and white shirt and shorts,Fashion_images/image_865.jpg
a man wearing a black ice cube t - shirt,Fashion_images/image_866.jpg
a woman wearing a hat and a dress,Fashion_images/image_867.jpg
a man in a blue shirt and red pants,Fashion_images/image_868.jpg
a man standing with his hands in his pockets,Fashion_images/image_869.jpg
a man with a beard wearing a grey sweater,Fashion_images/image_870.jpg
a woman in a black shirt and a fur coat,Fashion_images/image_871.jpg
a woman in a white top and black pants,Fashion_images/image_872.jpg
a woman wearing a sweatshirt that says bonsor mes amis,Fashion_images/image_873.jpg
a man in a blue shirt and jeans standing with his hands in his pockets,Fashion_images/image_874.jpg
a woman in a tank top posing for a picture,Fashion_images/image_875.jpg
a woman in a white shirt and black skirt,Fashion_images/image_876.jpg
a man in a jacket and jeans poses for a picture,Fashion_images/image_877.jpg
a man in a floral shirt and white pants,Fashion_images/image_878.jpg
a man in a black shirt and black pants,Fashion_images/image_879.jpg
a man wearing a blue and white striped shirt,Fashion_images/image_880.jpg
a beautiful young woman posing for a picture,Fashion_images/image_881.jpg
a man wearing a tank top with a picture of a man holding an umbrella,Fashion_images/image_882.jpg
a man in a los lakers shirt poses for a picture,Fashion_images/image_883.jpg
a woman in a yellow shirt posing for a picture,Fashion_images/image_884.jpg
a man in a green shirt and khaki pants,Fashion_images/image_885.jpg
a man wearing a white t - shirt with the word regime printed on it,Fashion_images/image_886.jpg
a woman in a pink top and denim shorts,Fashion_images/image_887.jpg
a woman wearing a hat and a striped shirt,Fashion_images/image_888.jpg
a man in a grey t - shirt and grey pants,Fashion_images/image_889.jpg
a woman standing against a wall wearing a light blue shirt,Fashion_images/image_890.jpg
a woman with blonde hair wearing a black top,Fashion_images/image_891.jpg
a man standing with his arms crossed,Fashion_images/image_892.jpg
a woman in a white top and a red and white skirt,Fashion_images/image_893.jpg
a man in a red shirt and khaki pants,Fashion_images/image_894.jpg
a woman standing in front of a white wall,Fashion_images/image_895.jpg
a man in a yellow shirt and white shorts,Fashion_images/image_896.jpg
a man in a sweater and pants poses for a picture,Fashion_images/image_897.jpg
a man standing with a backpack and a backpack,Fashion_images/image_898.jpg
a man in a blue t - shirt with a striped pocket,Fashion_images/image_899.jpg
a woman in white pants and a black and white jacket,Fashion_images/image_900.jpg
a man in a grey hoodie poses for a picture,Fashion_images/image_901.jpg
a woman wearing a hat and a gray shirt,Fashion_images/image_902.jpg
a man in a plaid shirt and a red hoodie,Fashion_images/image_903.jpg
a woman wearing a black vest and a hat,Fashion_images/image_904.jpg
a woman in a black dress and a fur coat,Fashion_images/image_905.jpg
a woman wearing a white and blue plaid shirt,Fashion_images/image_906.jpg
a man with dreadlocks standing in front of a white wall,Fashion_images/image_907.jpg
a woman in a pink dress holding a black jacket,Fashion_images/image_908.jpg
a young man wearing a black and grey t - shirt,Fashion_images/image_909.jpg
a man in a baseball shirt is standing with his hands in his pockets,Fashion_images/image_910.jpg
a woman wearing a sleeveless shirt and jeans,Fashion_images/image_911.jpg
a woman wearing a blue tank top and black leggings,Fashion_images/image_912.jpg
a woman in a white top posing for a picture,Fashion_images/image_913.jpg
a woman in a blue shirt and plaid skirt,Fashion_images/image_914.jpg
a woman in a white shirt and black shorts,Fashion_images/image_915.jpg
a woman wearing a hat and a pink top,Fashion_images/image_916.jpg
a man standing with his hands in his pockets,Fashion_images/image_917.jpg
a woman wearing a white dress and sandals,Fashion_images/image_918.jpg
a man in a blue and white jacket,Fashion_images/image_919.jpg
a man with a tattoo on his arm wearing a t - shirt,Fashion_images/image_920.jpg
a man in a short sleeved shirt and khaki pants,Fashion_images/image_921.jpg
a woman in a tank top that says the truth is gonna but you,Fashion_images/image_922.jpg
a man wearing a hat and a shirt,Fashion_images/image_923.jpg
a man in a grey turtle neck sweater,Fashion_images/image_924.jpg
a man in a blue sweatshirt and sweatpants holding his head,Fashion_images/image_925.jpg
a man with a beard wearing a white shirt and black pants,Fashion_images/image_926.jpg
a man in a white shirt and black shorts,Fashion_images/image_927.jpg
a man in a white t - shirt and jeans,Fashion_images/image_928.jpg
a man with a tattoo on his arm wearing a t - shirt,Fashion_images/image_929.jpg
a woman wearing a t - shirt that says i'm not weird i'm limited edition,Fashion_images/image_930.jpg
a woman in a white tank top and black blazer,Fashion_images/image_931.jpg
a man in a black shirt and leopard print pants,Fashion_images/image_932.jpg
a man wearing a black coat and a beanie,Fashion_images/image_933.jpg
a woman in a white top and blue jeans,Fashion_images/image_934.jpg
a man in a black jacket holding a brown bag,Fashion_images/image_935.jpg
a man in a gray sweater and blue pants,Fashion_images/image_936.jpg
a man wearing a hat and a star sweater,Fashion_images/image_937.jpg
a woman in a floral print dress,Fashion_images/image_938.jpg
a woman in a black top and khaki skirt,Fashion_images/image_939.jpg
a man sitting on top of a metal stool,Fashion_images/image_940.jpg
a man with dreadlocks wearing a black and white striped t - shirt,Fashion_images/image_941.jpg
a man in a white shirt and black pants,Fashion_images/image_942.jpg
a woman in a white romper holding a black and white striped bag,Fashion_images/image_943.jpg
a woman in a white tank top and black shorts,Fashion_images/image_944.jpg
a woman wearing a pink top and a necklace,Fashion_images/image_945.jpg
a woman wearing a tie dye shirt and denim shorts,Fashion_images/image_946.jpg
a woman in a white tank top and grey pants,Fashion_images/image_947.jpg
a man standing with a backpack and a backpack,Fashion_images/image_948.jpg
a young man standing against a white wall,Fashion_images/image_949.jpg
a man in a gray hoodie standing with his hands in his pockets,Fashion_images/image_950.jpg
a woman wearing a crop top and denim shorts,Fashion_images/image_951.jpg
a man in overall shorts and a t - shirt,Fashion_images/image_952.jpg
a man wearing a white and blue shirt and jeans,Fashion_images/image_953.jpg
a man in a maroon hoodie poses for a picture,Fashion_images/image_954.jpg
a woman in a black dress standing with her arms crossed,Fashion_images/image_955.jpg
a man in a white t - shirt and camouflage shorts,Fashion_images/image_956.jpg
a woman wearing a pink and white striped sweater,Fashion_images/image_957.jpg
a woman wearing a hat and a dress,Fashion_images/image_958.jpg
a man wearing a grey sweater with black and white animals on it,Fashion_images/image_959.jpg
a woman in a black top and a denim skirt,Fashion_images/image_960.jpg
a man in a tank top and shorts posing for a picture,Fashion_images/image_961.jpg
a woman in a black top and denim shorts,Fashion_images/image_962.jpg
a man wearing a grey shirt and khaki pants,Fashion_images/image_963.jpg
a man in a black jacket and black pants,Fashion_images/image_964.jpg
a man wearing a black and white sweater,Fashion_images/image_965.jpg
a woman in a pink dress and sunglasses,Fashion_images/image_966.jpg
a woman standing against a wall wearing shorts and a shirt,Fashion_images/image_967.jpg
a woman wearing a t - shirt with a picture of a man on it,Fashion_images/image_968.jpg
a man standing with his arms crossed,Fashion_images/image_969.jpg
a man standing with his hands in his pockets,Fashion_images/image_970.jpg
a woman in a black coat and sandals,Fashion_images/image_971.jpg
a man in a short sleeved shirt and shorts,Fashion_images/image_972.jpg
a woman in a white dress and hat,Fashion_images/image_973.jpg
a man wearing a tank top with a blue and white tie dye,Fashion_images/image_974.jpg
a woman wearing a black top and white shorts,Fashion_images/image_975.jpg
a woman wearing a pink shirt and jeans,Fashion_images/image_976.jpg
a man in a white shirt and black pants,Fashion_images/image_977.jpg
a man standing with his arms crossed,Fashion_images/image_978.jpg
a woman in a jacket and jeans posing for a picture,Fashion_images/image_979.jpg
a woman in a white shirt and a black cardigan,Fashion_images/image_980.jpg
a man in a floral sweater poses for a picture,Fashion_images/image_981.jpg
a man standing with his hands in his pockets,Fashion_images/image_982.jpg
a man with dreadlocks wearing a red shirt,Fashion_images/image_983.jpg
a man in a red and black checkered shirt,Fashion_images/image_984.jpg
a man in a white shirt and blue pants,Fashion_images/image_985.jpg
a woman in a red shirt and ripped jeans,Fashion_images/image_986.jpg
a man in a white t - shirt and black shorts,Fashion_images/image_987.jpg
a man in a floral shirt and khaki shorts,Fashion_images/image_988.jpg
a beautiful young woman wearing a white top and jeans,Fashion_images/image_989.jpg
a woman in a floral dress poses for a picture,Fashion_images/image_990.jpg
a man in a white t - shirt and ripped jeans,Fashion_images/image_991.jpg
a man wearing a black shirt and a hat,Fashion_images/image_992.jpg
a woman in a black shirt and white jeans,Fashion_images/image_993.jpg
a man wearing a black and white shirt and shorts,Fashion_images/image_994.jpg
a woman in a black top and blue skirt,Fashion_images/image_995.jpg
a man in a white shirt and blue pants,Fashion_images/image_996.jpg
a man in a black and white t - shirt,Fashion_images/image_997.jpg
a woman in a pink bra top and black shorts,Fashion_images/image_998.jpg
a woman with blonde hair wearing a denim dress,Fashion_images/image_999.jpg
a man in a plaid shirt and a beanie,Fashion_images/image_1000.jpg
a man in a striped t - shirt poses for a picture,Fashion_images/image_1001.jpg
a woman wearing a hat and a plaid shirt,Fashion_images/image_1002.jpg
a woman in a yellow top and jeans,Fashion_images/image_1003.jpg
a woman in a white top and red shorts,Fashion_images/image_1004.jpg
a man in a white shirt and black pants,Fashion_images/image_1005.jpg
a man with dreadlocks wearing a black hoodie,Fashion_images/image_1006.jpg
a woman in a white shirt and black shorts,Fashion_images/image_1007.jpg
a man in a black t - shirt and black pants,Fashion_images/image_1008.jpg
a woman in a green shirt and black ripped jeans,Fashion_images/image_1009.jpg
a man standing with his hands in his pockets,Fashion_images/image_1010.jpg
a woman wearing a white dress with black polka dots,Fashion_images/image_1011.jpg
a woman wearing a red and white striped shirt,Fashion_images/image_1012.jpg
a woman in a gray sweater and black leggings,Fashion_images/image_1013.jpg
a woman in a floral print dress poses for a picture,Fashion_images/image_1014.jpg
a woman in a white top and jeans,Fashion_images/image_1015.jpg
a man in a white shirt and blue shorts,Fashion_images/image_1016.jpg
a woman in a blue and white striped shirt dress,Fashion_images/image_1017.jpg
a man in a black shirt and khaki pants,Fashion_images/image_1018.jpg
a woman wearing a black hat and a black jacket,Fashion_images/image_1019.jpg
a man in a brown hoodie standing with his hands in his pockets,Fashion_images/image_1020.jpg
a man with a tattoo on his arm wearing a black t - shirt,Fashion_images/image_1021.jpg
a woman in a white top and black shorts,Fashion_images/image_1022.jpg
a man wearing a baseball cap and a shirt,Fashion_images/image_1023.jpg
a woman in a floral dress poses for a picture,Fashion_images/image_1024.jpg
a man in a grey and black shirt,Fashion_images/image_1025.jpg
a man wearing a black shirt and black pants,Fashion_images/image_1026.jpg
a woman wearing a white top and jeans,Fashion_images/image_1027.jpg
a woman wearing a black coat and plaid pants,Fashion_images/image_1028.jpg
a man wearing a hat and a blue shirt,Fashion_images/image_1029.jpg
a woman in a denim dress poses for a picture,Fashion_images/image_1030.jpg
a man in a vest and sweatpants standing with his hands in his pockets,Fashion_images/image_1031.jpg
a man with a tattoo on his arm,Fashion_images/image_1032.jpg
a woman in a black and white dress posing for a picture,Fashion_images/image_1033.jpg
a man in a grey t - shirt and blue shorts,Fashion_images/image_1034.jpg
a man in a white tank top and black pants,Fashion_images/image_1035.jpg
a woman wearing a white top and jeans,Fashion_images/image_1036.jpg
a man with a beard wearing a hoodie,Fashion_images/image_1037.jpg
a woman in a black top and black shorts,Fashion_images/image_1038.jpg
a woman in a white shirt and blue pants,Fashion_images/image_1039.jpg
a woman in a black and white top and jeans,Fashion_images/image_1040.jpg
a man in a polo shirt poses for a picture,Fashion_images/image_1041.jpg
a woman in a white shirt and blue jeans,Fashion_images/image_1042.jpg
a woman wearing a black hat and a black jacket,Fashion_images/image_1043.jpg
a woman sitting on a stool in a dress,Fashion_images/image_1044.jpg
a man standing with his hands in his pockets,Fashion_images/image_1045.jpg
a man in a striped shirt and black shorts,Fashion_images/image_1046.jpg
a man in a yellow spongebob sweatshirt poses for a picture,Fashion_images/image_1047.jpg
a man in a blue hoodie and pants,Fashion_images/image_1048.jpg
a beautiful young woman wearing ripped jeans and a cardigan,Fashion_images/image_1049.jpg
a woman wearing shorts and a shirt,Fashion_images/image_1050.jpg
a man in a white shirt and khaki pants,Fashion_images/image_1051.jpg
a young man wearing a blue shirt and jeans,Fashion_images/image_1052.jpg
a man standing with his hands in his pockets,Fashion_images/image_1053.jpg
a woman wearing a black coat and leggings,Fashion_images/image_1054.jpg
a woman in a dress posing for a picture,Fashion_images/image_1055.jpg
a woman wearing a tank top and denim shorts,Fashion_images/image_1056.jpg
a woman wearing a white top and jeans,Fashion_images/image_1057.jpg
a man in a vest and tie standing with his hands in his pockets,Fashion_images/image_1058.jpg
a man in a gray hoodie and blue jeans,Fashion_images/image_1059.jpg
a woman in a black dress posing for a picture,Fashion_images/image_1060.jpg
a young man wearing a tank top and khaki pants,Fashion_images/image_1061.jpg
a woman in a white top and blue shorts,Fashion_images/image_1062.jpg
a woman in black pants and a blue top,Fashion_images/image_1063.jpg
a woman in a black and white striped shirt,Fashion_images/image_1064.jpg
a woman in a colorful dress posing for a picture,Fashion_images/image_1065.jpg
a woman in a black jacket and grey pants,Fashion_images/image_1066.jpg
a man with dreadlocks wearing a tank top,Fashion_images/image_1067.jpg
a woman in a striped crop top and denim shorts,Fashion_images/image_1068.jpg
a man wearing a mickey mouse sweater,Fashion_images/image_1069.jpg
a man in a blue shirt and white pants,Fashion_images/image_1070.jpg
a man with dreadlocks standing in front of a white wall,Fashion_images/image_1071.jpg
a woman in a pink dress posing for a picture,Fashion_images/image_1072.jpg
a woman in a floral dress and wedged sandals,Fashion_images/image_1073.jpg
a woman in a white top and khaki shorts,Fashion_images/image_1074.jpg
a woman wearing a blue and white polka dot romper,Fashion_images/image_1075.jpg
a man in a new york yankees jersey and white shorts,Fashion_images/image_1076.jpg
a man in a black shirt and plaid pants,Fashion_images/image_1077.jpg
a man standing with his hands in his pockets,Fashion_images/image_1078.jpg
a man in a white polo shirt and khaki pants,Fashion_images/image_1079.jpg
a woman in black jeans and a white top,Fashion_images/image_1080.jpg
a woman in a white shirt and black skirt,Fashion_images/image_1081.jpg
a woman in a blue shirt and jeans holding a purse,Fashion_images/image_1082.jpg
a man standing with his arms crossed,Fashion_images/image_1083.jpg
a woman wearing ripped jeans and a striped t - shirt,Fashion_images/image_1084.jpg
a man in a blue shirt and black boots,Fashion_images/image_1085.jpg
a man in a grey and teal baseball shirt,Fashion_images/image_1086.jpg
a woman wearing a white shirt and denim shorts,Fashion_images/image_1087.jpg
a beautiful young woman posing for a picture,Fashion_images/image_1088.jpg
a woman wearing a black top and jeans,Fashion_images/image_1089.jpg
a man wearing a blue shirt and jeans,Fashion_images/image_1090.jpg
a young man in a suit and tie posing for a picture,Fashion_images/image_1091.jpg
a man in a white tank top and blue jeans,Fashion_images/image_1092.jpg
a woman wearing a top with ruffles on it,Fashion_images/image_1093.jpg
a man in shorts and a tank top posing for a picture,Fashion_images/image_1094.jpg
a woman wearing a hat and a striped shirt,Fashion_images/image_1095.jpg
a man wearing a yellow tank top and black pants,Fashion_images/image_1096.jpg
a man wearing a baseball cap and a shirt,Fashion_images/image_1097.jpg
a woman in a short skirt and a t - shirt,Fashion_images/image_1098.jpg
a man standing with his hands in his pockets,Fashion_images/image_1099.jpg
a woman in a green dress posing for a picture,Fashion_images/image_1100.jpg
a man standing in front of a white background,Fashion_images/image_1101.jpg
a woman wearing a tank top and ripped jeans,Fashion_images/image_1102.jpg
a woman wearing a black hat and a white shirt,Fashion_images/image_1103.jpg
a man in a blue hoodie standing with his hands in his pockets,Fashion_images/image_1104.jpg
a man in a black hoodie and grey pants,Fashion_images/image_1105.jpg
a man in a white shirt and black pants,Fashion_images/image_1106.jpg
a woman wearing a white top and denim shorts,Fashion_images/image_1107.jpg
a woman in a white shirt and jeans posing for a picture,Fashion_images/image_1108.jpg
a man in a jacket and hat standing with his hands in his pockets,Fashion_images/image_1109.jpg
a woman wearing ripped jeans and a crocheted top,Fashion_images/image_1110.jpg
a woman wearing a floral dress with a cut out back,Fashion_images/image_1111.jpg
a man in a tank top and khaki shorts,Fashion_images/image_1112.jpg
a man in a blue shirt and khaki pants,Fashion_images/image_1113.jpg
a woman wearing a black and white shirt and shorts,Fashion_images/image_1114.jpg
a woman standing on a wooden floor wearing a long coat,Fashion_images/image_1115.jpg
a man wearing a hat and sunglasses,Fashion_images/image_1116.jpg
a man in a blue shirt is posing for a picture,Fashion_images/image_1117.jpg
a man in a gray tank top and grey pants,Fashion_images/image_1118.jpg
a woman in a white dress posing for a picture,Fashion_images/image_1119.jpg
a man with a tattoo on his arm wearing a t - shirt,Fashion_images/image_1120.jpg
a man standing with his hands in his pockets,Fashion_images/image_1121.jpg
a man wearing a black and white t - shirt,Fashion_images/image_1122.jpg
a man in a green jacket and black pants,Fashion_images/image_1123.jpg
a woman in a blue dress posing for a picture,Fashion_images/image_1124.jpg
a woman wearing white pants and a black and white top,Fashion_images/image_1125.jpg
a woman in a red floral dress posing for a picture,Fashion_images/image_1126.jpg
a man in a white shirt and black shorts,Fashion_images/image_1127.jpg
a woman in a white tank top and tan shorts,Fashion_images/image_1128.jpg
a man in a white shirt and grey shorts,Fashion_images/image_1129.jpg
a woman in a white cardigan sweater and leather pants,Fashion_images/image_1130.jpg
a man in a white shirt and black pants,Fashion_images/image_1131.jpg
a man standing in front of a white wall,Fashion_images/image_1132.jpg
a woman wearing a white dress and cowboy boots,Fashion_images/image_1133.jpg
a man standing with his hands in his pockets,Fashion_images/image_1134.jpg
a woman in a black and white dress posing for a picture,Fashion_images/image_1135.jpg
a woman wearing a black sweater and jeans,Fashion_images/image_1136.jpg
a woman wearing a black crop top and ripped jeans,Fashion_images/image_1137.jpg
a woman wearing a white top and shorts,Fashion_images/image_1138.jpg
a man in a striped t - shirt poses for a picture,Fashion_images/image_1139.jpg
a man sitting on a stool wearing a polo shirt,Fashion_images/image_1140.jpg
a man wearing a grey shirt and jeans,Fashion_images/image_1141.jpg
a man in a yellow shirt and black jacket,Fashion_images/image_1142.jpg
a woman wearing a white dress with a black belt,Fashion_images/image_1143.jpg
a man in a striped shirt and khaki pants,Fashion_images/image_1144.jpg
a man standing in front of a white wall,Fashion_images/image_1145.jpg
a man in a grey sweater and black pants,Fashion_images/image_1146.jpg
a woman in black shorts and a striped tank top,Fashion_images/image_1147.jpg
a woman in a black top and grey skirt,Fashion_images/image_1148.jpg
a man in a black and white shirt and cap,Fashion_images/image_1149.jpg
a man wearing a floral sweater and pants,Fashion_images/image_1150.jpg
a woman in a long black dress,Fashion_images/image_1151.jpg
a woman in a white dress and black boots,Fashion_images/image_1152.jpg
a woman in a blue and white shirt and ripped jeans,Fashion_images/image_1153.jpg
a woman in a striped sweater poses for a picture,Fashion_images/image_1154.jpg
a man in a white shirt and a green jacket,Fashion_images/image_1155.jpg
a woman wearing a tank top and denim shorts,Fashion_images/image_1156.jpg
a man in a tank top standing in front of a white wall,Fashion_images/image_1157.jpg
a man standing with a backpack on his back,Fashion_images/image_1158.jpg
a man in a baseball jersey poses for a picture,Fashion_images/image_1159.jpg
a woman wearing a colorful dress and sandals,Fashion_images/image_1160.jpg
a man standing with his hands in his pockets,Fashion_images/image_1161.jpg
a woman wearing a black dress and sandals,Fashion_images/image_1162.jpg
a man with dreadlocks wearing a blue shirt and khaki pants,Fashion_images/image_1163.jpg
a man standing with his hands in his pockets,Fashion_images/image_1164.jpg
a woman wearing a black shirt and shorts,Fashion_images/image_1165.jpg
a man in a black and gold t - shirt poses for a picture,Fashion_images/image_1166.jpg
a woman wearing a white top and shorts,Fashion_images/image_1167.jpg
a man standing in front of a white wall,Fashion_images/image_1168.jpg
a woman wearing a hat and a jacket,Fashion_images/image_1169.jpg
a man in a black shirt and red pants,Fashion_images/image_1170.jpg
a man wearing a blue shirt and shorts,Fashion_images/image_1171.jpg
a man in a jacket and pants poses for a picture,Fashion_images/image_1172.jpg
a woman in a white shirt and black pants,Fashion_images/image_1173.jpg
a woman in jeans and a top posing for a picture,Fashion_images/image_1174.jpg
a man wearing a duffle coat with a hood,Fashion_images/image_1175.jpg
a woman in a red dress poses for a picture,Fashion_images/image_1176.jpg
a beautiful young woman wearing a white top and jeans,Fashion_images/image_1177.jpg
a man wearing a white shirt and a blue hat,Fashion_images/image_1178.jpg
a man with a tattoo on his arm wearing a white tank top,Fashion_images/image_1179.jpg
a man in a white t - shirt and grey shorts,Fashion_images/image_1180.jpg
a woman wearing a black hat and dress,Fashion_images/image_1181.jpg
a woman in a blue cardigan sweater and black leggings,Fashion_images/image_1182.jpg
a woman in a white top and red patterned pants,Fashion_images/image_1183.jpg
a woman wearing a jacket with fringes on it,Fashion_images/image_1184.jpg
a woman wearing a dress with a belt,Fashion_images/image_1185.jpg
a woman in shorts and a shirt posing for a picture,Fashion_images/image_1186.jpg
a woman wearing a skirt and a crop top,Fashion_images/image_1187.jpg
a man with a tattoo on his arm wearing a shirt,Fashion_images/image_1188.jpg
a young woman posing for a picture in a crop top,Fashion_images/image_1189.jpg
a woman wearing a denim shirt and denim shorts,Fashion_images/image_1190.jpg
a man standing in front of a white wall,Fashion_images/image_1191.jpg
a man in a tan jacket and camouflage pants,Fashion_images/image_1192.jpg
a man in a white shirt and black pants,Fashion_images/image_1193.jpg
a man in a blue shirt and black shorts,Fashion_images/image_1194.jpg
a woman in a black top and a black skirt,Fashion_images/image_1195.jpg
a woman standing in front of a white wall,Fashion_images/image_1196.jpg
a woman wearing a black top and white shorts,Fashion_images/image_1197.jpg
a man wearing a black shirt with a spongebob on it,Fashion_images/image_1198.jpg
a man wearing a cap and a t - shirt,Fashion_images/image_1199.jpg
